序号,用户昵称,评价时间,SKU,初评内容,追评内容,评论全文,评论长度
1,t**v,2026-01-16,V1S-G 单烟机,燃气灶和油烟机很不错，安转师傅态度很好，噪音小，推荐推荐,,燃气灶和油烟机很不错，安转师傅态度很好，噪音小，推荐推荐,28
2,m**晴,2025-12-16,V1S-G+03-TEK20-G(灰) 天然气套装,还没用，安装师傅很靠谱,,还没用，安装师傅很靠谱,11
3,包**卷,2025-12-22,V1S-G 单烟机,配送准时：很好 声音大小：还可以 10多年前第一套房子用的方太，到现在第四套房子一直都选的方太，从来没有任何问题。安装专业，热情仔细。虽然还没有装加长罩，也先还个图。非常好的烟机，颜值高，清洁方便 ,,配送准时：很好 声音大小：还可以 10多年前第一套房子用的方太，到现在第四套房子一直都选的方太，从来没有任何问题。安装专业，热情仔细。虽然还没有装加长罩，也先还个图。非常好的烟机，颜值高，清洁方便,98
4,匿名买家,2026-01-09,V1S-G 单烟机,送货师傅服务好，送货及时,,送货师傅服务好，送货及时,12
7,M**n,2025-12-11,V1S-G 单烟机,收到货了，快递员配送准时，送货上门，非常好,,收到货了，快递员配送准时，送货上门，非常好,21
9,满**池,2025-11-12,V1S-G 单烟机,非常不错，老房换个新油烟机，噪音也不大，很满意,,非常不错，老房换个新油烟机，噪音也不大，很满意,23
10,平**乐,2025-11-24,V1S-G 单烟机,非常好，安装工人也很负责，而且这款设备能接入米家,,非常好，安装工人也很负责，而且这款设备能接入米家,24
12,巷**=,2025-11-20,V1S-G 单烟机,还没通气 颜值很可以 ,,还没通气 颜值很可以,10
13,x**5,2026-01-11,V1S-G+03-TEK20-G(灰) 天然气套装,油烟机和煤气灶已收到，但家里还在装修中，暂时无法安装，等装了再来追评,,油烟机和煤气灶已收到，但家里还在装修中，暂时无法安装，等装了再来追评,34
15,张**生,2025-11-15,V1S-G+03-TEK20-G(灰) 天然气套装,送货师傅服务态度很好，咨询他问题会耐心解答，值得表扬，点个赞👍👍👍👍👍👍,,送货师傅服务态度很好，咨询他问题会耐心解答，值得表扬，点个赞👍👍👍👍👍👍,36
16,用**6,2025-10-29,V1S-G+03-TEK20-G 天然气套装,方太抽油机天然气灶颜值高，质量好，静音又抽烟，值得拥有,,方太抽油机天然气灶颜值高，质量好，静音又抽烟，值得拥有,27
17,h**v,2025-11-14,V1S-G 单烟机,很好用，风力很大。安装师傅上门安装拆旧换新，没有收费。服务很好。,,很好用，风力很大。安装师傅上门安装拆旧换新，没有收费。服务很好。,32
18,匿名买家,2025-12-14,V1S-G 单烟机,安装师傅态度好,,安装师傅态度好,7
19,匿名买家,2025-11-07,V1S-G 单烟机,是否易清洗：是的 声音大小：小 配送准时：准时 东西很好，是正品，下次继续购买 ,,是否易清洗：是的 声音大小：小 配送准时：准时 东西很好，是正品，下次继续购买,39
20,我**丽,2025-10-27,V1S-G 28m³·min 星空灰色,物流速度，师傅安装快捷，大牌信得过，方太产品老百姓的家庭首选，赞赞赞,,物流速度，师傅安装快捷，大牌信得过，方太产品老百姓的家庭首选，赞赞赞,34
21,焦**8,2025-12-08,V1S-G 单烟机,相信方太的专业,,相信方太的专业,7
22,#**开,2025-11-04,V1S-G+02-TE21 天然气套装,用了两次吸烟效果挺好的，肉眼可见的没跑烟，比我之前的好太多了，安装师傅也很专业，装完后还给我灶台擦得干干净净,,用了两次吸烟效果挺好的，肉眼可见的没跑烟，比我之前的好太多了，安装师傅也很专业，装完后还给我灶台擦得干干净净,54
23,匿名买家,2025-11-19,V1S-G 单烟机,烟机还不错，使用清洗很方便,,烟机还不错，使用清洗很方便,13
24,玮***,2025-11-18,V1S-G 单烟机,买到喜欢的油烟机太棒了，感谢客服不厌其烦的为我服务。这一套使用下来得心应手。,,买到喜欢的油烟机太棒了，感谢客服不厌其烦的为我服务。这一套使用下来得心应手。,38
25,女**),2025-11-15,V1S-G+03-TEK20-G(灰) 天然气套装,安装师傅按的非常好，态度好。,,安装师傅按的非常好，态度好。,14
26,不**代,2025-11-06,V1S-G 单烟机,物流很快，宝贝高端大气上档次，师傅安装很熟练，运转平稳，声音不大，容易清洗,,物流很快，宝贝高端大气上档次，师傅安装很熟练，运转平稳，声音不大，容易清洗,37
27,洗**王,2025-12-06,V1S-G 单烟机,安装师傅专业,,安装师傅专业,6
28,匿名买家,2025-11-13,V1S-G+03-TEK20-G(灰) 天然气套装,客服服务态度好，物流给力，退差价良心商家,,客服服务态度好，物流给力，退差价良心商家,20
29,r**g,2025-11-21,V1S-G 单烟机,选了三个月，还请小哥哥上门帮看尺寸，做好所有下的单，好用，操作简便，清洗简单易行，风力足够，好用好用,,选了三个月，还请小哥哥上门帮看尺寸，做好所有下的单，好用，操作简便，清洗简单易行，风力足够，好用好用,50
30,树**猫,2025-11-02,V1S-G 单烟机,安装师傅很负责，防火止逆阀安装的非常仔细。,,安装师傅很负责，防火止逆阀安装的非常仔细。,21
31,c**i,2025-10-12,V1S-G 顶侧一体 灰色【热销】,外观漂亮，配送很快，安装师傅也很及时安装，简单好清洗,,外观漂亮，配送很快，安装师傅也很及时安装，简单好清洗,26
33,用**4,2025-11-04,V1S-G+03-TEK20(黑) 天然气套装,方太值得信赖，质量不错,,方太值得信赖，质量不错,11
34,我**星,2025-11-21,V1S-G+02-TE21 天然气套装,物流挺快的，送货上门,,物流挺快的，送货上门,10
35,小**e,2025-11-09,V1S-G+03-TEK20-G(灰) 天然气套装,师傅按时送到,,师傅按时送到,6
37,正**角,2025-09-30,V1S-G 28m³·min 星空灰色,观望了很久入手入手了这款烟机灶，外观大气百搭，性能也不错，性价比很棒。,,观望了很久入手入手了这款烟机灶，外观大气百搭，性能也不错，性价比很棒。,35
39,。**。,2025-09-30,V1S-G 顶侧一体 灰色【热销】,外观不错，还没入住使用不知道效果。提醒已经做好柜子的亲注意下，这个机器上边的烟管没在中间 是偏的。,,外观不错，还没入住使用不知道效果。提醒已经做好柜子的亲注意下，这个机器上边的烟管没在中间 是偏的。,49
40,可**滴,2025-10-20,V1S-G 单烟机,好👌评！值得信赖的大品牌！,,好👌评！值得信赖的大品牌！,13
42,h**y,2025-12-16,V1S-G 单烟机,感觉不错！,,感觉不错！,5
43,宇**油,2025-09-27,V1S-G 顶侧一体 灰色【热销】,方太的服务太好了  安装师傅也专业  油烟机和热水器一起安装  非常专业 推荐大家选方太,真是 太好了 ,方太的服务太好了  安装师傅也专业  油烟机和热水器一起安装  非常专业 推荐大家选方太 真是 太好了,51
44,i**n,2025-09-10,28m³·min 星空灰色 热卖V1S-G,方太的服务从客服到按装都非常好！ 配送准时：按时 是否易清洗：是 声音大小：通过 ,,方太的服务从客服到按装都非常好！ 配送准时：按时 是否易清洗：是 声音大小：通过,40
46,痒**树,2025-10-24,V1S-G 单烟机,用着挺好，音量小，风量大,,用着挺好，音量小，风量大,12
47,长**烈,2025-11-04,V1S-G 单烟机,安装售后师傅棒棒哒！,,安装售后师傅棒棒哒！,10
48,T**3,2025-09-21,28m³·min 星空灰色 热卖V1S-G,油烟机吸力大满意，购买过程有波折，但完美解决，感谢！,,油烟机吸力大满意，购买过程有波折，但完美解决，感谢！,26
49,茂**福,2025-10-18,V1S-G 顶侧一体 灰色【热销】,配送准时：安装师傅快很专业，态度特别好,,配送准时：安装师傅快很专业，态度特别好,19
50,匿名买家,2025-10-29,V1S-G+03-TEK20-G 天然气套装,很好，服务也好,,很好，服务也好,7
51,我**0,2025-10-04,V1S-G 顶侧一体 灰色【热销】,师傅安装即使，态度好，安装完成了还很耐心讲解了怎么使用,,师傅安装即使，态度好，安装完成了还很耐心讲解了怎么使用,27
52,t**v,2025-09-03,V1S-G 28m³·min 星空灰色,购买过程非常愉快，由于房子还未装修出来，又想赶上 618 活动，和商家沟通延迟发货，愉快的帮忙解决了，赞赞赞,,购买过程非常愉快，由于房子还未装修出来，又想赶上 618 活动，和商家沟通延迟发货，愉快的帮忙解决了，赞赞赞,54
54,空**6,2025-10-02,V1S-G 顶侧一体 灰色【热销】,吸力超强，炒菜不用走有油烟味，用中档或者弱档风就行。也很小巧精致。,,吸力超强，炒菜不用走有油烟味，用中档或者弱档风就行。也很小巧精致。,33
56,匿名买家,2025-08-30,V1S-G 28m³·min 星空灰色,是否易清洗：很容易卸下来清洗🧽 声音大小：适中 配送准时：配送准时，安装顺利,,是否易清洗：很容易卸下来清洗🧽 声音大小：适中 配送准时：配送准时，安装顺利,38
57,么**兔,2025-08-29,28m³·min 星空灰色 带其它配件,烟灶联动还是挺不错的，一开火自动抽油烟，或者挥手感应开关，感觉挺牛。吸烟效果还不知道，待后期使用看效果。,,烟灶联动还是挺不错的，一开火自动抽油烟，或者挥手感应开关，感觉挺牛。吸烟效果还不知道，待后期使用看效果。,52
58,借**a,2025-08-21,V1S-G 28m³·min 星空灰色,还没开始打柜子，所以还没有安装，先上个图吧,,还没开始打柜子，所以还没有安装，先上个图吧,21
59,M**6,2025-09-11,28m³·min 星空灰色 热卖V1S-G,配送服务非常好，物流超级快,,配送服务非常好，物流超级快,13
60,匿名买家,2025-08-21,28m³·min 星空灰色 带其它配件,很不错，做了很多功课最后选了这款。和我原来的橱柜还是比较匹配的！柜子本来就比较薄，这款的话深度还不错～最重要吸力大。 客服小当服务态度好，非常仔细和耐心，有问必答，从选购到预约安装都提供了相应的帮助和建议。沟通顺畅～ 安装师傅也很棒，年纪不大但干活非常利落，三下五除二就搞定了。当场开火和检查是否漏气问题，服务到位，安全放心。 非常满意的购物体验。,,很不错，做了很多功课最后选了这款。和我原来的橱柜还是比较匹配的！柜子本来就比较薄，这款的话深度还不错～最重要吸力大。 客服小当服务态度好，非常仔细和耐心，有问必答，从选购到预约安装都提供了相应的帮助和建议。沟通顺畅～ 安装师傅也很棒，年纪不大但干活非常利落，三下五除二就搞定了。当场开火和检查是否漏气问题，服务到位，安全放心。 非常满意的购物体验。,174
62,y**3,2025-08-15,V1S-G 28m³·min 星空灰色,配送准时：很好，期待安装 ,,配送准时：很好，期待安装,12
63,啊**！,2025-08-24,V1S-G 28m³·min 星空灰色,厨房电器全部方太，好！,,厨房电器全部方太，好！,11
66,t**s,2025-08-17,28m³·min 星空灰色 带其它配件,方太服务一流，质量一流，买的放心用的满意！值得拥有值得信赖！,,方太服务一流，质量一流，买的放心用的满意！值得拥有值得信赖！,30
69,爱**希,2025-08-17,28m³·min 星空灰色 带其它配件,抽烟机说是高端产品，大风量静音，实际上我炒辣椒是能闻到辣椒还呛到我了，而且噪音挺大，燃气灶非常好用，开锅快，能定时，特别省事,,抽烟机说是高端产品，大风量静音，实际上我炒辣椒是能闻到辣椒还呛到我了，而且噪音挺大，燃气灶非常好用，开锅快，能定时，特别省事,62
70,卡***,2025-09-20,V1S-G 顶侧一体 灰色【热销】,配送准时：物流很快,,配送准时：物流很快,9
72,烦**泡,2025-09-11,28m³·min 星空灰色 热卖V1S-G,师傅服务很好,,师傅服务很好,6
74,匿名买家,2025-08-25,V1S-G 28m³·min 星空灰色,大品牌放心，已收货,,大品牌放心，已收货,9
75,依**饰,2025-08-16,28m³·min 星空灰色 带其它配件,收到货好几天了，由于装修还没搞好，还没安装，看上去很高档上档次，安装后再追评，希望装后都十分满意,,收到货好几天了，由于装修还没搞好，还没安装，看上去很高档上档次，安装后再追评，希望装后都十分满意,48
78,c**3,2025-07-19,V1S-G 28m³·min 星空灰色,小哥： 配送准时。服务热情。,买了三个月了，还没来得及装。喜欢这个品牌。,小哥： 配送准时。服务热情。 买了三个月了，还没来得及装。喜欢这个品牌。,36
79,匿名买家,2025-07-29,28m³·min 星空灰色 带其它配件,到的很快，安装也很好,吸力很大，挥手开关很方便，非常好用,到的很快，安装也很好 吸力很大，挥手开关很方便，非常好用,28
88,匿名买家,2026-01-22,V1S-G 单烟机,安装的时候会有缝，但是有方太的可调节挂钩可以买，我觉得就是在变相收钱，按理说安装的配件现在哪家产品不是在考虑怎么效果更好，他们倒是有效果好的方案，但是你得掏钱。我们花钱买了他们的产品，然后安装要达到买它的效果还得另外加钱。吃相难看。油烟机现在还没用，还不清楚具体的使用情况，但是第一关安装上就已经大跌眼镜了,方太客服很快有联系反馈，态度还是很好的，也给了一个补偿方案，补了一个赠品。并表示后续对于这个可调节挂钩的费用会和公司反馈。虽然刚开始挺生气的，但是他们的快速反馈让我觉得他们的服务很好，也愿意有改进。所以期待后续使用的体验啦！,安装的时候会有缝，但是有方太的可调节挂钩可以买，我觉得就是在变相收钱，按理说安装的配件现在哪家产品不是在考虑怎么效果更好，他们倒是有效果好的方案，但是你得掏钱。我们花钱买了他们的产品，然后安装要达到买它的效果还得另外加钱。吃相难看。油烟机现在还没用，还不清楚具体的使用情况，但是第一关安装上就已经大跌眼镜了 方太客服很快有联系反馈，态度还是很好的，也给了一个补偿方案，补了一个赠品。并表示后续对于这个可调节挂钩的费用会和公司反馈。虽然刚开始挺生气的，但是他们的快速反馈让我觉得他们的服务很好，也愿意有改进。所以期待后续使用的体验啦！,266
89,匿名买家,2026-01-12,V1S-G 单烟机,安装的时候打孔都打歪了，又重新打的，可怜了我新房的新瓷砖。也还没有试货，不知道咋样,后续已经解决问题,安装的时候打孔都打歪了，又重新打的，可怜了我新房的新瓷砖。也还没有试货，不知道咋样 后续已经解决问题,50
90,赵**乐,2025-12-22,V1S-G 单烟机,服务没的说,,服务没的说,5
92,匿名买家,2025-11-07,V1S-G 单烟机,触屏区反应实在是太慢了，点半天也没反应。,后面客服解决了，手指往下压一点屏幕就感应到了。,触屏区反应实在是太慢了，点半天也没反应。 后面客服解决了，手指往下压一点屏幕就感应到了。,44
96,别**5,2025-10-10,V1S-G 顶侧一体 灰色【热销】,刚拍完就降价了，还没有保价服务，买贵必配就一天。呵,装上去了，补贴了话费。😂,刚拍完就降价了，还没有保价服务，买贵必配就一天。呵 装上去了，补贴了话费。😂,38
98,t**e,2025-08-20,28m³·min 星空灰色 带其它配件,不会碰到产品吧？有破损我需退回谢谢,,不会碰到产品吧？有破损我需退回谢谢,17
100,嗳**琛,2025-09-22,28m³·min 星空灰色 热卖V1S-G,止逆阀需要单独买，买他们的止逆阀没有安装费，买别家的止逆阀，需要单独付50的安装费，真够恶心的,,止逆阀需要单独买，买他们的止逆阀没有安装费，买别家的止逆阀，需要单独付50的安装费，真够恶心的,47
101,糊***,2025-04-26,V1S-G 28m³·min 星空灰色,是否易清洗：易清洗、声音还可以  ,,是否易清洗：易清洗、声音还可以,15
102,多**吉,2025-03-14,V1S-G 28m³·min 星空灰色,种草很久了，颜值高，性能好，前阵子灶具换了te21，这次趁着活动索性把烟机也换了。 另外向售后代萌表达一下歉意，烟机发货后物流单号没有同步到系统里让我误以为没发货。找售后代萌反应问题时态度不佳，措辞过分。代萌一直秉持着耐心和专心的态度给我答疑解惑。为她的耐心表示感谢，为我的鲁莽再次表达歉意。,,种草很久了，颜值高，性能好，前阵子灶具换了te21，这次趁着活动索性把烟机也换了。 另外向售后代萌表达一下歉意，烟机发货后物流单号没有同步到系统里让我误以为没发货。找售后代萌反应问题时态度不佳，措辞过分。代萌一直秉持着耐心和专心的态度给我答疑解惑。为她的耐心表示感谢，为我的鲁莽再次表达歉意。,146
103,匿名买家,2025-07-15,V1S-G 28m³·min 星空灰色,颜值很高的抽油烟机～,,颜值很高的抽油烟机～,10
105,费**n,2025-08-07,28m³·min 星空灰色 带其它配件,真消费真评价！！！平常买的价格竟然要比88会员节便宜，谁能想到呢，你们不做活动，在活动期间调高价格，我也是第一次见，是想趁活动割韭菜吗？不知道在高贵什么？,,真消费真评价！！！平常买的价格竟然要比88会员节便宜，谁能想到呢，你们不做活动，在活动期间调高价格，我也是第一次见，是想趁活动割韭菜吗？不知道在高贵什么？,77
107,匿名买家,2025-07-26,V1S-G 28m³·min 星空灰色,做功课买的v1➕te20，颜值太高了，挥手开关机，烟灶联动，声音完全能接受，超满意,,做功课买的v1➕te20，颜值太高了，挥手开关机，烟灶联动，声音完全能接受，超满意,41
109,上**会,2024-11-12,V1S-G 28m³·min 星空灰色,我就是单纯的领个礼物…后续再补刀吧,,我就是单纯的领个礼物…后续再补刀吧,17
110,T**7,2025-03-24,V1S-G 28m³·min 星空灰色,新房还未装修好，期待安装效果,,新房还未装修好，期待安装效果,14
111,何**蛋,2025-05-30,V1S-G 28m³·min 星空灰色,配送准时:厨房买的都是方太，大品牌有保 障，高档大气上档次，发货快，物流快，服务 好，颜值高，使用方便，怎么看都喜欢!,,配送准时:厨房买的都是方太，大品牌有保 障，高档大气上档次，发货快，物流快，服务 好，颜值高，使用方便，怎么看都喜欢!,59
112,爱**绵,2025-06-03,V1S-G 28m³·min 星空灰色,产品非常好，非常好看，方太大品牌值得信任物流非常快就近发货第二天就到了。很好 很满意。师傅安装也很快！,,产品非常好，非常好看，方太大品牌值得信任物流非常快就近发货第二天就到了。很好 很满意。师傅安装也很快！,51
113,t**d,2025-04-20,V1S-G 28m³·min 星空灰色,安装很快吸油很好 配送准时准时到达，我是给新家买的，客服都非常棒，有问必答，开心，等以后入住再来追评 ,,安装很快吸油很好 配送准时准时到达，我是给新家买的，客服都非常棒，有问必答，开心，等以后入住再来追评,50
114,匿名买家,2025-06-19,V1S-G 28m³·min 星空灰色,看着很不错，家里还没有装修完，暂时没有安装，等安装之后过来反馈一下效果,,看着很不错，家里还没有装修完，暂时没有安装，等安装之后过来反馈一下效果,35
117,美**豬,2025-05-21,V1S-G 28m³·min 星空灰色,已经是第2次购买他家的，声音真的大，希望能耐用,,已经是第2次购买他家的，声音真的大，希望能耐用,23
118,北**7,2025-02-15,V1S-G 28m³·min 星空灰色,油烟机用了一段时间了，使用效果很好，吸力大，颜值高，很喜欢的一款油烟机,,油烟机用了一段时间了，使用效果很好，吸力大，颜值高，很喜欢的一款油烟机,35
119,元**圆,2025-05-22,V1S-G 28m³·min 星空灰色,家里之前的油烟机不好用，吸力不行，厨房到处都是油烟，一直想换成方太的，关注了一段时间，很纠结买F5还是V1s，客服小姐姐积极帮我约了师傅上门检查，才让我下单的，我是看中了V1s与我家的柜子平齐而且吸力大，烟灶联动，干脆我就把燃气灶也换了，家里老人使用起来也很方便。安装师傅很专业，方太真的很不错！！！,,家里之前的油烟机不好用，吸力不行，厨房到处都是油烟，一直想换成方太的，关注了一段时间，很纠结买F5还是V1s，客服小姐姐积极帮我约了师傅上门检查，才让我下单的，我是看中了V1s与我家的柜子平齐而且吸力大，烟灶联动，干脆我就把燃气灶也换了，家里老人使用起来也很方便。安装师傅很专业，方太真的很不错！！！,150
122,匿名买家,2025-03-29,V1S-G 28m³·min 星空灰色,油烟机很好看，买的灶台联动的，反应灵敏，特别符合我的需求。挥手感应功能也很好用。 客服八宝沟通很流畅，每次有疑问都能及时很好的帮我处理非常好。 方太安装的师父很专业，态度很好。有什么收费都会说的很清楚。,,油烟机很好看，买的灶台联动的，反应灵敏，特别符合我的需求。挥手感应功能也很好用。 客服八宝沟通很流畅，每次有疑问都能及时很好的帮我处理非常好。 方太安装的师父很专业，态度很好。有什么收费都会说的很清楚。,101
123,匿名买家,2025-07-11,V1S-G 28m³·min 星空灰色,看不挺不错，方太一直值得信赖，因为相信，所以选择。,,看不挺不错，方太一直值得信赖，因为相信，所以选择。,25
124,匿名买家,2025-07-03,V1S-G 28m³·min 星空灰色,厨房四件套，未安装,,厨房四件套，未安装,9
125,可**。,2024-11-12,V1S-G 28m³·min 星空灰色,声音大小：不错 是否易清洗：清洗方便 ,,声音大小：不错 是否易清洗：清洗方便,18
126,米**饭,2025-05-27,V1S-G 28m³·min 星空灰色,还行吧，炒菜后味小多了。,,还行吧，炒菜后味小多了。,12
128,匿名买家,2025-07-02,V1S-G 28m³·min 星空灰色,方太这款新的顶侧一体油烟机吸力大，效果非常不错,,方太这款新的顶侧一体油烟机吸力大，效果非常不错,23
129,张**2,2025-06-02,V1S-G 28m³·min 星空灰色,非常大气，油烟没有，声音很小,,非常大气，油烟没有，声音很小,14
130,t**3,2025-07-01,V1S-G 28m³·min 星空灰色,美观大气，客服服务好，安装师傅也细心，满意的购物,,美观大气，客服服务好，安装师傅也细心，满意的购物,24
131,k**i,2025-07-09,V1S-G 28m³·min 星空灰色,厨房大件要被方太承包了 油烟机 洗碗机 炉灶 。对比多家 还是选择方太 线上线下都看过了 选择了这款 期待后续的使用,,厨房大件要被方太承包了 油烟机 洗碗机 炉灶 。对比多家 还是选择方太 线上线下都看过了 选择了这款 期待后续的使用,58
132,匿名买家,2025-07-06,V1S-G 28m³·min 星空灰色,支持方太！喜欢每一个客服，当然最喜欢我们小猪🐷了嘻嘻！以后的家还是会买方太的。,,支持方太！喜欢每一个客服，当然最喜欢我们小猪🐷了嘻嘻！以后的家还是会买方太的。,39
135,用**5,2025-04-14,V1S-G 28m³·min 星空灰色,还行吧，使用看看,,还行吧，使用看看,8
137,用**4,2025-07-25,V1S-G 28m³·min 星空灰色,还没安装，不过之前一直用方太，这次继续用。,,还没安装，不过之前一直用方太，这次继续用。,21
139,哇**o,2025-08-04,V1S-G 28m³·min 星空灰色,宝贝已收到，只是我未装修好，未折质量不清楚，等安装时再来评。,,宝贝已收到，只是我未装修好，未折质量不清楚，等安装时再来评。,30
141,小**燚,2025-07-23,V1S-G 28m³·min 星空灰色,配送准时：今天油烟机安装完成，必须夸夸这波操作！师傅手艺超赞，油烟机完美嵌入橱柜预留位置，严丝合缝视觉上清爽又利落，完全没破坏厨房整体的装修风格～ 试机的时候更惊喜，风力足得很。这安装效果和使用体验都满分，以后做饭再也不用担心油烟问题啦！ ,,配送准时：今天油烟机安装完成，必须夸夸这波操作！师傅手艺超赞，油烟机完美嵌入橱柜预留位置，严丝合缝视觉上清爽又利落，完全没破坏厨房整体的装修风格～ 试机的时候更惊喜，风力足得很。这安装效果和使用体验都满分，以后做饭再也不用担心油烟问题啦！,119
142,地**奶,2025-02-26,V1S-G 28m³·min 星空灰色,在网上很认真挑选，对比各种品牌，还是选择了方太，这个新品颜值真的很高，不是直角造型的顶侧双吸。我家是拆旧换新，在不是定制橱柜的基础下，也能真的做到贴合嵌进去，再也不怕油烟机撞头了，很赞！吸力很好，炒菜不是爆炒的情况下，厨房不关门也可以做到油烟味很小。拆洗清洗也很方便，金属网格很方便就能拿下来。喜欢喜欢！,,在网上很认真挑选，对比各种品牌，还是选择了方太，这个新品颜值真的很高，不是直角造型的顶侧双吸。我家是拆旧换新，在不是定制橱柜的基础下，也能真的做到贴合嵌进去，再也不怕油烟机撞头了，很赞！吸力很好，炒菜不是爆炒的情况下，厨房不关门也可以做到油烟味很小。拆洗清洗也很方便，金属网格很方便就能拿下来。喜欢喜欢！,152
143,一**小,2025-03-31,V1S-G 28m³·min 星空灰色,这就是方太大品牌最新款，你们敢想花了四千买回来的装上去是这个样子，巨丑，反正我是接受不了。柜子上面全是螺丝，去问客服，客服说产品就是这样的，油烟机另外的壳子还要再花350块钱买，说详情页里写了这一条，我翻到详情页最下面找到了，真下头，购物体验感为零。十年前我购买了方太的油烟机，燃气灶，今年三月份全套换新，也算是方太的老用户了，来这一套，大无语，购买的时候请大家多多留意吧，一般不会给差评，这次真是气笑了。安装的师傅人挺好的，跑了几次，这次购物体验就这吧,右边这个是我十年前的旧油烟机，买回来都是整套的，现在吃相太难看了吧，拆开来卖，先买了油烟机，在给你说另外买壳子，店大了不起，消费者就这样被你们牵着鼻子走？天天整这些花里胡哨的玩意，套路真多,这就是方太大品牌最新款，你们敢想花了四千买回来的装上去是这个样子，巨丑，反正我是接受不了。柜子上面全是螺丝，去问客服，客服说产品就是这样的，油烟机另外的壳子还要再花350块钱买，说详情页里写了这一条，我翻到详情页最下面找到了，真下头，购物体验感为零。十年前我购买了方太的油烟机，燃气灶，今年三月份全套换新，也算是方太的老用户了，来这一套，大无语，购买的时候请大家多多留意吧，一般不会给差评，这次真是气笑了。安装的师傅人挺好的，跑了几次，这次购物体验就这吧 右边这个是我十年前的旧油烟机，买回来都是整套的，现在吃相太难看了吧，拆开来卖，先买了油烟机，在给你说另外买壳子，店大了不起，消费者就这样被你们牵着鼻子走？天天整这些花里胡哨的玩意，套路真多,322
144,匿名买家,2025-05-09,V1S-G 28m³·min 星空灰色,客服太差 很多已读不回,,客服太差 很多已读不回,11
145,d**y,2024-12-13,V1S-G 28m³·min 星空灰色,等待安装好再评价,,等待安装好再评价,8
146,S**r,2025-06-29,V1S-G 28m³·min 星空灰色,东西收到了 包装很结实  房子还没装完  等装完了安装好在追评,,东西收到了 包装很结实  房子还没装完  等装完了安装好在追评,31
147,R**a,2025-07-21,V1S-G 28m³·min 星空灰色,方太大品牌，信得过！烟机很漂亮，价格实惠，到货很快。客服很专业，超耐心，有问题都能帮忙解决。使用后再来追评。,,方太大品牌，信得过！烟机很漂亮，价格实惠，到货很快。客服很专业，超耐心，有问题都能帮忙解决。使用后再来追评。,54
148,花**开,2025-07-11,V1S-G 28m³·min 星空灰色,油烟机方太第一☝🏻认准方太售前售后安装都没有问题，专业品牌，认准方太😀,油烟机认准方太，售后安装放心无忧😀,油烟机方太第一☝🏻认准方太售前售后安装都没有问题，专业品牌，认准方太😀 油烟机认准方太，售后安装放心无忧😀,53
150,乍**皮,2025-07-13,V1S-G 28m³·min 星空灰色,声音大小：小 是否易清洗：好清洁 配送准时：是的 很给力 ,,声音大小：小 是否易清洗：好清洁 配送准时：是的 很给力,28
152,T**7,2025-06-18,V1S-G 28m³·min 星空灰色,颜值很高，服务体验很好！,,颜值很高，服务体验很好！,12
153,我**喔,2025-07-21,V1S-G 28m³·min 星空灰色,安装师傅很专业！新家装修还没用，安装好之后使用了一下，看着很高大上！,,安装师傅很专业！新家装修还没用，安装好之后使用了一下，看着很高大上！,34
155,T**2,2025-07-25,V1S-G 28m³·min 星空灰色, 方太 V1S吸力强劲（28m³/min），日常爆炒基本不跑烟，开放式厨房也能胜任。挥手智控开关机和调档非常灵敏方便，解放双手。云板设计拢烟效果好，一体成型内腔清洁起来相对省力。噪音控制中规中矩，高档位风声明显但可接受。外观简约大气，百搭厨房。总体是一款性能可靠、操作智能、清洁便利的高端侧吸式油烟机。  ,,方太 V1S吸力强劲（28m³/min），日常爆炒基本不跑烟，开放式厨房也能胜任。挥手智控开关机和调档非常灵敏方便，解放双手。云板设计拢烟效果好，一体成型内腔清洁起来相对省力。噪音控制中规中矩，高档位风声明显但可接受。外观简约大气，百搭厨房。总体是一款性能可靠、操作智能、清洁便利的高端侧吸式油烟机。,150
159,四**账,2025-06-16,V1S-G 28m³·min 星空灰色,发货准时，物流快，由于我没在家，还帮我保管，感谢！,,发货准时，物流快，由于我没在家，还帮我保管，感谢！,25
160,点**e,2025-03-18,V1S-G 28m³·min 星空灰色,颜值很高，吸力够大，烧菜几乎闻不到菜味，面板易洁，工作声音在可接受范围内，深灰和黑色灶台还是蛮搭的。,,颜值很高，吸力够大，烧菜几乎闻不到菜味，面板易洁，工作声音在可接受范围内，深灰和黑色灶台还是蛮搭的。,50
161,年**1,2025-02-20,V1S-G 28m³·min 星空灰色,是否易清洗：容易清洗，吸力强劲  声音大小：声音大小还可以，可以接受 配送准时：配送准时，安装专业，做工细致 ,,是否易清洗：容易清洗，吸力强劲  声音大小：声音大小还可以，可以接受 配送准时：配送准时，安装专业，做工细致,54
162,匿名买家,2025-07-01,V1S-G 28m³·min 星空灰色,高级货，加国补更划算！,,高级货，加国补更划算！,11
164,用**4,2025-05-07,V1S-G 28m³·min 星空灰色,油烟机配送准时，安装师傅技术很好非常满意,,油烟机配送准时，安装师傅技术很好非常满意,20
166,q**5,2025-07-16,V1S-G 28m³·min 星空灰色,东西不错 看着高大上,,东西不错 看着高大上,10
168,无**品,2025-05-16,V1S-G 28m³·min 星空灰色,太恶心了，才买几天就降价几百块，这让我们消费者还怎么买东西，要不是安装了，早退回给你们了。,经过和售后小姐姐的沟通交流，发现原来是有些误会，现已基本解决。作为方太的老用户，方太烟机的品质有一说一是值得肯定的，大家可放心够买。,太恶心了，才买几天就降价几百块，这让我们消费者还怎么买东西，要不是安装了，早退回给你们了。 经过和售后小姐姐的沟通交流，发现原来是有些误会，现已基本解决。作为方太的老用户，方太烟机的品质有一说一是值得肯定的，大家可放心够买。,112
171,z**6,2025-04-22,V1S-G 28m³·min 星空灰色,配送准时：送达及时 安装便捷。 ,,配送准时：送达及时 安装便捷。,15
172,匿名买家,2025-06-08,V1S-G 28m³·min 星空灰色,造型简约美观，手挥启动挺好，风力强劲，各方面都不错🤓 ,,造型简约美观，手挥启动挺好，风力强劲，各方面都不错🤓,26
173,小**嘟,2025-07-16,V1S-G 28m³·min 星空灰色,配送准时：收到货了还没安装先给个五星好评吧，快递很给力这么热的天，给快递小哥点个赞👍👍👍 ,,配送准时：收到货了还没安装先给个五星好评吧，快递很给力这么热的天，给快递小哥点个赞👍👍👍,44
174,用**9,2025-06-22,V1S-G 28m³·min 星空灰色,服务很好，还没安装,,服务很好，还没安装,9
175,腹**果,2025-05-23,V1S-G 28m³·min 星空灰色,上一代也是用方太，方太品质很不错，油烟机老款会碰头，在和老板油烟机，美的等对比后。这款解决了这个问题，同时价格在国补下特别的美丽，这款吸力大，而且附带自动调节功能，家里的厨房相对比较暗，油烟机自带的灯非常的弥补这个缺点，同时还能连接wifi平时可以设置定时使用开关。特别方便,,上一代也是用方太，方太品质很不错，油烟机老款会碰头，在和老板油烟机，美的等对比后。这款解决了这个问题，同时价格在国补下特别的美丽，这款吸力大，而且附带自动调节功能，家里的厨房相对比较暗，油烟机自带的灯非常的弥补这个缺点，同时还能连接wifi平时可以设置定时使用开关。特别方便,137
176,艺**牛,2025-03-07,V1S-G 28m³·min 星空灰色,声音大小：自动强档声音比较大，中档还行。 配送准时：派送及时，隔天就送到。 ,,声音大小：自动强档声音比较大，中档还行。 配送准时：派送及时，隔天就送到。,37
177,m**1,2025-03-09,V1S-G 28m³·min 星空灰色,安装师傅很棒，方太小区也很棒,,安装师傅很棒，方太小区也很棒,14
179,匿名买家,2025-06-04,V1S-G 28m³·min 星空灰色,油烟机和燃气灶一起买的，很好看也很好用，推荐购买,,油烟机和燃气灶一起买的，很好看也很好用，推荐购买,24
180,，**，,2025-05-19,V1S-G 28m³·min 星空灰色,方太大品牌，值得拥有，新家还在装修，迫不及待购齐厨房套装，期待方太厨房的表现！,,方太大品牌，值得拥有，新家还在装修，迫不及待购齐厨房套装，期待方太厨房的表现！,39
182,匿名买家,2025-06-03,V1S-G 28m³·min 星空灰色,防干烧功能特别棒，不用担心忘记关火烧锅了，火力足，颜值高，推荐 ,,防干烧功能特别棒，不用担心忘记关火烧锅了，火力足，颜值高，推荐,31
183,匿名买家,2025-03-19,V1S-G 28m³·min 星空灰色,看了很久  还是决定老品牌  订了四大件   还未开箱  期待安装,,看了很久  还是决定老品牌  订了四大件   还未开箱  期待安装,33
187,D**n,2025-07-06,V1S-G 28m³·min 星空灰色,好评好评，满意的，师傅很靠谱，准时来到，大热天，都不 yong 易，相信方太！,,好评好评，满意的，师傅很靠谱，准时来到，大热天，都不 yong 易，相信方太！,39
188,匿名买家,2025-06-18,V1S-G 28m³·min 星空灰色,买到了喜欢的产品，客服很热情专业，物流配送很快，方太产品值得信任。,,买到了喜欢的产品，客服很热情专业，物流配送很快，方太产品值得信任。,33
189,用**8,2025-05-29,V1S-G 28m³·min 星空灰色,"强调瞬间吸净油烟的能力，例如""爆炒时油烟刚起就被吸走，厨房空气始终保持清新""‌‌‌‌",,"强调瞬间吸净油烟的能力，例如""爆炒时油烟刚起就被吸走，厨房空气始终保持清新""‌‌‌‌",42
190,粉**雨,2025-03-31,V1S-G 28m³·min 星空灰色,是否易清洗：容易 声音大小：还好 配送准时：准时 产品很好，我很满意 ,,是否易清洗：容易 声音大小：还好 配送准时：准时 产品很好，我很满意,34
192,匿名买家,2025-05-30,V1S-G 28m³·min 星空灰色,精心挑选的品牌商品，物流超快，次日送达，尚未安装，相信品质没有问题，确认收货。,,精心挑选的品牌商品，物流超快，次日送达，尚未安装，相信品质没有问题，确认收货。,39
193,t**g,2025-07-01,V1S-G 28m³·min 星空灰色,配送准时：服务很好，安装师父很专业，产品也很好看，很喜欢 ,,配送准时：服务很好，安装师父很专业，产品也很好看，很喜欢,28
194,女**活,2025-07-08,V1S-G 28m³·min 星空灰色,安装好了，速度很快，油烟机比较小巧，跟燃气灶很配，买的联动的，希望好用,,安装好了，速度很快，油烟机比较小巧，跟燃气灶很配，买的联动的，希望好用,35
197,用**7,2025-07-31,V1S-G 28m³·min 星空灰色,618加上国补谁能忍住不下手，提前购置了电器，延迟一个月发货，期待安装效果,,618加上国补谁能忍住不下手，提前购置了电器，延迟一个月发货，期待安装效果,37
202,w**6,2025-04-26,V1S-G 28m³·min 星空灰色,安装很快，外观挺好，还没通电,,安装很快，外观挺好，还没通电,14
204,匿名买家,2025-03-07,V1S-G 28m³·min 星空灰色,配送和安装速度非常快，安装师傅作业时防护也很到位。 油烟机功率强大，自动档吸力最大，分贝大概在70左右，强档运转分贝在58左右，清洗方便。,,配送和安装速度非常快，安装师傅作业时防护也很到位。 油烟机功率强大，自动档吸力最大，分贝大概在70左右，强档运转分贝在58左右，清洗方便。,69
205,古***,2025-06-28,V1S-G 28m³·min 星空灰色,已安装整体效果很不错,,已安装整体效果很不错,10
206,远**群,2025-06-05,V1S-G 28m³·min 星空灰色,大品牌就是不一样，物流快，服务态度好，期待新房安装效果。,非常美观非常好用的一款抽油烟机。风力强劲，价格实惠。方太，值得信赖！,大品牌就是不一样，物流快，服务态度好，期待新房安装效果。 非常美观非常好用的一款抽油烟机。风力强劲，价格实惠。方太，值得信赖！,63
207,岚**辰,2024-12-18,V1S-G 28m³·min 星空灰色,油烟机灶具洗碗机全买了方太，期待安装效果！,宝贝收到了，买了很多装修房子用的，厨房全部选择了方太，产品值得信赖，这家商家的服务态度真是太棒了，员工们都很友好，让人感觉很舒服。,油烟机灶具洗碗机全买了方太，期待安装效果！ 宝贝收到了，买了很多装修房子用的，厨房全部选择了方太，产品值得信赖，这家商家的服务态度真是太棒了，员工们都很友好，让人感觉很舒服。,87
208,匿名买家,2025-03-29,V1S-G 28m³·min 星空灰色,安装好了，还没使用,,安装好了，还没使用,9
209,墨**图,2025-07-29,28m³·min 星空灰色 带其它配件,还没安装，相信质保。后续再来追评。,,还没安装，相信质保。后续再来追评。,17
210,红**蕉,2025-08-07,V1S-G 28m³·min 星空灰色,还没研究，但目前来看还不错,,还没研究，但目前来看还不错,13
213,w**6,2025-05-25,V1S-G 28m³·min 星空灰色,声音大小：适中 配送准时：准时 五星好评，比我原来的好太多，一挥手就能来，灯光炒菜够用，而且都不用开大灯很方便，安装师傅也很好，忘记给好评了，特别认真，接下来就看售后了，头一次用方太，好的开端 ,,声音大小：适中 配送准时：准时 五星好评，比我原来的好太多，一挥手就能来，灯光炒菜够用，而且都不用开大灯很方便，安装师傅也很好，忘记给好评了，特别认真，接下来就看售后了，头一次用方太，好的开端,96
214,办**具,2025-08-11,V1S-G 28m³·min 星空灰色,方太就是好，一分价钱一分货，买就对了，活动价格波动很小，送了止逆阀,,方太就是好，一分价钱一分货，买就对了，活动价格波动很小，送了止逆阀,33
217,独**的,2025-06-25,V1S-G 28m³·min 星空灰色,大品牌值得信赖，前面用的方太非常不错，卖家服务好发货快，赞一个。,,大品牌值得信赖，前面用的方太非常不错，卖家服务好发货快，赞一个。,32
218,匿名买家,2025-07-23,V1S-G 28m³·min 星空灰色,这次购买方太厨具的体验真的超出预期！从选款到下单，整个过程都特别顺畅，最想夸的就是客服小厉，不得不说，方太的产品让人放心，有小厉这样的客服更是加分，全程体验感拉满，真心推荐！ ,,这次购买方太厨具的体验真的超出预期！从选款到下单，整个过程都特别顺畅，最想夸的就是客服小厉，不得不说，方太的产品让人放心，有小厉这样的客服更是加分，全程体验感拉满，真心推荐！,87
219,用**2,2025-02-26,V1S-G 28m³·min 星空灰色,方便快捷，服务到家。,,方便快捷，服务到家。,10
220,B**1,2025-02-08,V1S-G 28m³·min 星空灰色,是否易清洗：是 完美契合，吸力也很大，这下可以放心爆炒了，离台面距离也足够，可以放心颠锅了，外观也很好看，喜欢喜欢 ,,是否易清洗：是 完美契合，吸力也很大，这下可以放心爆炒了，离台面距离也足够，可以放心颠锅了，外观也很好看，喜欢喜欢,57
221,鹦**2,2025-07-23,V1S-G 28m³·min 星空灰色,还没打开，等安装的时候再上图,,还没打开，等安装的时候再上图,14
222,t**3,2025-06-16,V1S-G 28m³·min 星空灰色,大品牌值得信任,,大品牌值得信任,7
224,用**4,2024-12-15,V1S-G 28m³·min 星空灰色,颜值高，质量好，吸油效果棒，值得购买！,,颜值高，质量好，吸油效果棒，值得购买！,19
225,凝***,2025-06-16,V1S-G 28m³·min 星空灰色,安装好了，用了两天吸力不错，安装师傅很专业，一个多小时就好了，和橱柜很贴合。橱柜是打好的买烟机前担心不合适大件退货麻烦，商家竟然说可以免费上门帮看，去看了可以安装果断下单，相信大品牌。,,安装好了，用了两天吸力不错，安装师傅很专业，一个多小时就好了，和橱柜很贴合。橱柜是打好的买烟机前担心不合适大件退货麻烦，商家竟然说可以免费上门帮看，去看了可以安装果断下单，相信大品牌。,92
227,匿名买家,2025-07-16,V1S-G 28m³·min 星空灰色,抽油烟机很好用，安装师傅很专业，售前客服小知沟通很顺畅。,,抽油烟机很好用，安装师傅很专业，售前客服小知沟通很顺畅。,28
228,万**吖,2025-06-30,V1S-G 28m³·min 星空灰色,在方太直播间拍的，发货很快，客户服务好，新房正装修看618活动又有国补，所以提前拍下，还没安装，看包装还可以，后期装上了再追评吧。,,在方太直播间拍的，发货很快，客户服务好，新房正装修看618活动又有国补，所以提前拍下，还没安装，看包装还可以，后期装上了再追评吧。,65
229,t**0,2025-06-23,V1S-G 28m³·min 星空灰色,方太油烟机非常好，我要的全套，还有灶,,方太油烟机非常好，我要的全套，还有灶,18
230,匿名买家,2025-05-19,V1S-G 28m³·min 星空灰色,商品做工很精细， 声音大小：也很小，下次还会购买 ,,商品做工很精细， 声音大小：也很小，下次还会购买,24
237,l**z,2025-06-10,V1S-G 28m³·min 星空灰色,师傅安装速度挺快的，新房还未入住，后续再来详评！,,师傅安装速度挺快的，新房还未入住，后续再来详评！,24
239,奢**果,2025-07-03,V1S-G 28m³·min 星空灰色,忘记拍安装王师傅照片了。谢谢王师傅给我装的又快又好。油烟机颜值高吸油烟效果非常好，喜欢,,忘记拍安装王师傅照片了。谢谢王师傅给我装的又快又好。油烟机颜值高吸油烟效果非常好，喜欢,43
242,匿名买家,2025-05-26,V1S-G 28m³·min 星空灰色,物流很快，包装完整。等待安装后的效果！ ,,物流很快，包装完整。等待安装后的效果！,19
244,新**弄,2025-06-30,V1S-G 28m³·min 星空灰色,这次新家装修厨房的都买的方太产品，碰上活动价格合适，产品力给力，方太值得信任！,,这次新家装修厨房的都买的方太产品，碰上活动价格合适，产品力给力，方太值得信任！,39
245,用**0,2024-12-18,V1S-G 28m³·min 星空灰色,发货真快，有活动先买来，等明年2- 3月份再安排安装，相信方太品牌,,发货真快，有活动先买来，等明年2- 3月份再安排安装，相信方太品牌,33
246,堕**战,2025-03-04,V1S-G 28m³·min 星空灰色,配送准时：准时到达，我是给新家买的，客服都非常棒，有问必答，开心，等以后入住再来追评 ,,配送准时：准时到达，我是给新家买的，客服都非常棒，有问必答，开心，等以后入住再来追评,42
247,K**m,2025-02-06,V1S-G 28m³·min 星空灰色,挺好用的，不跑烟,,挺好用的，不跑烟,8
249,匿名买家,2025-03-30,V1S-G 28m³·min 星空灰色,配送准时：厨房买的都是方太，大品牌有保障，高档大气上档次，发货快，物流快，服务好，颜值高，使用方便，怎么看都喜欢！ ,,配送准时：厨房买的都是方太，大品牌有保障，高档大气上档次，发货快，物流快，服务好，颜值高，使用方便，怎么看都喜欢！,57
250,匿名买家,2025-06-30,V1S-G 28m³·min 星空灰色,很大很重 过一个月再安装,,很大很重 过一个月再安装,12
251,快**?,2025-07-14,V1S-G 28m³·min 星空灰色,方太V1S-G是一款超强吸力的油烟机，适合敞开式厨房，零嵌入式的油烟机，整体外观大气上档次，对油烟机有品质要求的亲，可以像我一样选择这款大吸力的烟机。配上02-TEK20的燃气灶一起使用，简直是绝绝子,,方太V1S-G是一款超强吸力的油烟机，适合敞开式厨房，零嵌入式的油烟机，整体外观大气上档次，对油烟机有品质要求的亲，可以像我一样选择这款大吸力的烟机。配上02-TEK20的燃气灶一起使用，简直是绝绝子,100
253,买**乖,2024-12-12,V1S-G 28m³·min 星空灰色,售前售后都要表扬！方太还是有追求的。对得住大牌子的称呼,,售前售后都要表扬！方太还是有追求的。对得住大牌子的称呼,27
254,啊**卡,2025-01-28,V1S-G 28m³·min 星空灰色,是否易清洗：  声音大小：  配送准时：,,是否易清洗：  声音大小：  配送准时：,20
256,匿名买家,2025-05-17,V1S-G 28m³·min 星空灰色,物流配送很快。大品牌有保障，很放心。颜值高，高科技，厨房再也没有油烟了，很满意。,,物流配送很快。大品牌有保障，很放心。颜值高，高科技，厨房再也没有油烟了，很满意。,40
257,安**子,2025-03-14,V1S-G 28m³·min 星空灰色,家装备货中相信大品牌的力量家电一直用的这个牌子回头客多少次了安装使用后加评,,家装备货中相信大品牌的力量家电一直用的这个牌子回头客多少次了安装使用后加评,37
258,爱**1,2025-07-14,V1S-G 28m³·min 星空灰色,大牌子应该不错的，还没拆开，用了再追评,,大牌子应该不错的，还没拆开，用了再追评,19
259,用**2,2025-05-24,V1S-G 28m³·min 星空灰色,五星好评！谢谢！,,五星好评！谢谢！,8
260,匿名买家,2025-08-07,28m³·min 星空灰色 带其它配件,这款油烟机非常好，装上后厨房彻底无烟！,,这款油烟机非常好，装上后厨房彻底无烟！,19
261,w**6,2025-03-03,V1S-G 28m³·min 星空灰色,不点吵，其他还好。,,不点吵，其他还好。,9
262,爱**头,2025-06-15,V1S-G 28m³·min 星空灰色,送货上门及时。未拆箱，未安装,,送货上门及时。未拆箱，未安装,14
263,多**宝,2025-07-25,V1S-G 28m³·min 星空灰色,货完好无损收到，期待安装使用效果,,货完好无损收到，期待安装使用效果,16
264,J**a,2025-05-17,V1S-G 28m³·min 星空灰色,安装人员态度好，安装技术到位，没有额外费用，完全免费，装完后清理干净台面并试机，确保没问题后签字离开,,安装人员态度好，安装技术到位，没有额外费用，完全免费，装完后清理干净台面并试机，确保没问题后签字离开,50
265,匿名买家,2025-04-25,V1S-G 28m³·min 星空灰色,新旧更迭依然选择方太，外形小巧，吸力很大，即便下着大雨安装师傅依然准点上门服务，大赞，家人很满意！,,新旧更迭依然选择方太，外形小巧，吸力很大，即便下着大雨安装师傅依然准点上门服务，大赞，家人很满意！,49
267,匿名买家,2025-04-09,V1S-G 28m³·min 星空灰色,房子还没装修好，等安装完了再来评价,,房子还没装修好，等安装完了再来评价,17
270,匿名买家,2025-06-10,V1S-G 28m³·min 星空灰色,乘618抢购的，家里厨房都用的方太，老牌子，值得信赖,,乘618抢购的，家里厨房都用的方太，老牌子，值得信赖,26
271,可**鱼,2025-08-04,V1S-G 28m³·min 星空灰色,油烟机很不错，吸力很大，我家是开放式厨房，专门选的他们家，果然不负所望,,油烟机很不错，吸力很大，我家是开放式厨房，专门选的他们家，果然不负所望,35
272,匿名买家,2024-12-22,V1S-G 28m³·min 星空灰色,看这款每分钟的吸力大才买，刚安上还没用，所以吸烟效果待以后追评。不过颜值高，一挥手就自动关机，一点燃气灶就自动开机，烟机联动挺方便，感谢高科技给生活带来的便利。安装师傅专业、认真，打孔防止吊灰都采取了相应的措施，必须点个赞。,,看这款每分钟的吸力大才买，刚安上还没用，所以吸烟效果待以后追评。不过颜值高，一挥手就自动关机，一点燃气灶就自动开机，烟机联动挺方便，感谢高科技给生活带来的便利。安装师傅专业、认真，打孔防止吊灰都采取了相应的措施，必须点个赞。,112
273,匿名买家,2025-05-26,V1S-G 28m³·min 星空灰色,老房换油烟机，买前一直担心不好用，想买实体款，但实体款我家橱柜留白小了，装不下。 看参数这款比实体风量小一点，其它参数略逊实体款，款式和实体一样的，颜色不同，整体下来，性价比还是非常高的，开放式厨房，用着还可以，和十年前花4、5千的买的方太，效果差不多。   机身设计小巧，好清洁，吸烟效果可以，声音可以接受，正常范围吧，改天上图 。感谢厂家客服小徐耐心讲解,,老房换油烟机，买前一直担心不好用，想买实体款，但实体款我家橱柜留白小了，装不下。 看参数这款比实体风量小一点，其它参数略逊实体款，款式和实体一样的，颜色不同，整体下来，性价比还是非常高的，开放式厨房，用着还可以，和十年前花4、5千的买的方太，效果差不多。   机身设计小巧，好清洁，吸烟效果可以，声音可以接受，正常范围吧，改天上图 。感谢厂家客服小徐耐心讲解,179
275,用**4,2025-12-26,V1S-G+03-TEK20-G(灰) 天然气套装,还没开始使用，新家买的，双十一价格优惠，客服也有问必答，安装师傅也很好，整体满意,,还没开始使用，新家买的，双十一价格优惠，客服也有问必答，安装师傅也很好，整体满意,40
277,妞**8,2024-12-08,V1S-G 28m³·min 星空灰色,给妈妈买的，用了几天，她感觉很好！后续再看看效果。安装的师傅服务态度很好，但是快递员态度极差，还不送货上门，被我投诉了。,方太的产品质量还是很好，妈妈感觉用起很好！好评！相信方太，相信这个品牌！,给妈妈买的，用了几天，她感觉很好！后续再看看效果。安装的师傅服务态度很好，但是快递员态度极差，还不送货上门，被我投诉了。 方太的产品质量还是很好，妈妈感觉用起很好！好评！相信方太，相信这个品牌！,97
278,匿名买家,2025-03-31,V1S-G 28m³·min 星空灰色,机器好！服务好！值得购买！,,机器好！服务好！值得购买！,13
280,绿**4,2025-07-20,V1S-G 28m³·min 星空灰色,是否易清洗：很好清洗，抹布随便一抹就干净了 声音大小：声音很小很静音，静音效果非常好 配送准时：配送非常准时，而且安装师傅态度非常好 ,,是否易清洗：很好清洗，抹布随便一抹就干净了 声音大小：声音很小很静音，静音效果非常好 配送准时：配送非常准时，而且安装师傅态度非常好,66
281,C**2,2025-07-29,V1S-G 28m³·min 星空灰色,是否易清洗：是 ,,是否易清洗：是,7
283,爬**虫,2025-06-01,V1S-G 28m³·min 星空灰色,是否易清洗：擦一下就干净  声音大小：功率很大 炒菜没有油烟 声音正常大小  配送准时：配送很快 安装速度也很快 ,,是否易清洗：擦一下就干净  声音大小：功率很大 炒菜没有油烟 声音正常大小  配送准时：配送很快 安装速度也很快,56
284,快**家,2025-06-20,V1S-G 28m³·min 星空灰色,用了几天才来评价一下，排油烟效果老好了，开启方便。值得拥有。,,用了几天才来评价一下，排油烟效果老好了，开启方便。值得拥有。,30
285,c**2,2025-07-20,V1S-G 28m³·min 星空灰色,到货还没开箱，方太品牌值得信任~客服很好，根据需求推荐了这款油烟机煤气灶联动的，适合家里的老人使用，颜值也在线，很不错的~,,到货还没开箱，方太品牌值得信任~客服很好，根据需求推荐了这款油烟机煤气灶联动的，适合家里的老人使用，颜值也在线，很不错的~,61
287,s**w,2025-06-25,V1S-G 28m³·min 星空灰色,风力很大，吸油烟效果好,,风力很大，吸油烟效果好,11
288,匿名买家,2025-03-28,V1S-G 28m³·min 星空灰色,油烟机装好了，师傅服务态度挺好，油烟机就一言难尽了。当初客服极力推荐这款油烟机，家里置换前旧油烟机实况也拍给他看了，安装好后发现还得另配遮盖罩，一个铁皮壳350大元。关键是油烟机实在太响了，跟机车轰鸣声可以“相媲美”。总结，性价比低，不推荐购买。PS：如实评价，商家或许有诸多解释。,,油烟机装好了，师傅服务态度挺好，油烟机就一言难尽了。当初客服极力推荐这款油烟机，家里置换前旧油烟机实况也拍给他看了，安装好后发现还得另配遮盖罩，一个铁皮壳350大元。关键是油烟机实在太响了，跟机车轰鸣声可以“相媲美”。总结，性价比低，不推荐购买。PS：如实评价，商家或许有诸多解释。,141
289,唐**香,2025-05-31,V1S-G 28m³·min 星空灰色,还没拆包安装，但愿没翻车。,,还没拆包安装，但愿没翻车。,13
290,用**了,2025-07-18,V1S-G 28m³·min 星空灰色,三件都是买的他家的   方太售后服务还是可以的,,三件都是买的他家的   方太售后服务还是可以的,23
291,匿名买家,2025-06-14,V1S-G 28m³·min 星空灰色,我家之前的油烟机效果实在太差，炒个菜家里全是油烟，方太这款安装好试了一下，厨房基本都没什么油烟，卫生都好打扫了，炒个菜心情都十分舒畅，真是太棒了!安装师傅也很负责任，方太售后服务也很好，厨房如果有需要会继续买方太!油烟机上面露出来那一截是因为我家橱柜做的太高，师傅给我安装的位置很合适，基本没有油烟。,,我家之前的油烟机效果实在太差，炒个菜家里全是油烟，方太这款安装好试了一下，厨房基本都没什么油烟，卫生都好打扫了，炒个菜心情都十分舒畅，真是太棒了!安装师傅也很负责任，方太售后服务也很好，厨房如果有需要会继续买方太!油烟机上面露出来那一截是因为我家橱柜做的太高，师傅给我安装的位置很合适，基本没有油烟。,150
292,栀**5,2025-07-18,V1S-G 28m³·min 星空灰色,货已收到，物流满意。,,货已收到，物流满意。,10
293,吃**好,2025-06-18,V1S-G 28m³·min 星空灰色,配送准时：很好，很不错，大力推荐很 ,,配送准时：很好，很不错，大力推荐很,17
294,L**我,2025-06-08,V1S-G 28m³·min 星空灰色,在方太买到了自己满意的产品，不管是售前还是售后，客服都很热情，下次还选方太,,在方太买到了自己满意的产品，不管是售前还是售后，客服都很热情，下次还选方太,37
295,酸**u,2025-03-27,V1S-G 28m³·min 星空灰色,油烟机很好用，吸力大，没什么油烟，非常满意，物美价廉,,油烟机很好用，吸力大，没什么油烟，非常满意，物美价廉,26
296,A**魔,2024-11-09,V1S-G 28m³·min 星空灰色,服务好，品质好，国家给力，值得入手。,,服务好，品质好，国家给力，值得入手。,18
297,~**~,2025-07-21,V1S-G 28m³·min 星空灰色,喜欢的品牌,,喜欢的品牌,5
298,匿名买家,2025-05-04,V1S-G 28m³·min 星空灰色,配送准时：还没有装上，送货速度快，期待使用。￼ ,,配送准时：还没有装上，送货速度快，期待使用。￼,23
301,阿**-,2025-06-09,V1S-G 28m³·min 星空灰色,安装师傅到位，产品也很好,,安装师傅到位，产品也很好,12
303,纯**谱,2025-06-15,V1S-G 28m³·min 星空灰色,方太大品牌值得信赖，颜值超赞👍，高端，大气，上档次，物流快，服务好，油烟机吸力大，很喜欢。,,方太大品牌值得信赖，颜值超赞👍，高端，大气，上档次，物流快，服务好，油烟机吸力大，很喜欢。,45
304,法**米,2025-06-21,V1S-G 28m³·min 星空灰色,这款油烟机总体来说是很满意的。作为湖南人，家里爆炒辣椒是家常便饭，之前的油烟机也是顶侧一体，但是一旦炒菜，家里的油烟能蔓延到卧房甚至阳台，散不出去，特别特别呛人。长期如此对肺非常不好。这次618叠国补就买了。客观评价，这款油烟机可以说效果绝好，站在旁边是完全闻不到油烟味的，妹夫在它面前抽烟，也是闻不到烟味的，声音当然也有点大，不过能接受，所以就很满意！对安装师傅也一万个点赞！特别细心！耐心！装得也很好！但是，使用这么久之后，发现还是有个小小的不足，就是当停止工作时，烟道里别人家的油烟还是会漏进来一点，不过不会说很大影响，就是厨房里味道会明显一点。这一点应该是所有油烟机都会遇到的情况且不太能完全杜绝吧。还有就是一点不满是在购机价格上，虽然说平台机制不一样，但都是电商，其实可以尽量避免大的差额，在提前618时，所有优惠用上价格在3.7K多一点，同一时间强东哥家的价格是3.4K出头，而在正式618期间，🍑上同一链接的机器到手价格就只要3K左右了。虽然申请了保价，但只能退445，所以说在价格上总体感觉很不好。当然买也买了，也不能干嘛。就建议大家一定多对比！仅做客观评价，供大家参考。,,这款油烟机总体来说是很满意的。作为湖南人，家里爆炒辣椒是家常便饭，之前的油烟机也是顶侧一体，但是一旦炒菜，家里的油烟能蔓延到卧房甚至阳台，散不出去，特别特别呛人。长期如此对肺非常不好。这次618叠国补就买了。客观评价，这款油烟机可以说效果绝好，站在旁边是完全闻不到油烟味的，妹夫在它面前抽烟，也是闻不到烟味的，声音当然也有点大，不过能接受，所以就很满意！对安装师傅也一万个点赞！特别细心！耐心！装得也很好！但是，使用这么久之后，发现还是有个小小的不足，就是当停止工作时，烟道里别人家的油烟还是会漏进来一点，不过不会说很大影响，就是厨房里味道会明显一点。这一点应该是所有油烟机都会遇到的情况且不太能完全杜绝吧。还有就是一点不满是在购机价格上，虽然说平台机制不一样，但都是电商，其实可以尽量避免大的差额，在提前618时，所有优惠用上价格在3.7K多一点，同一时间强东哥家的价格是3.4K出头，而在正式618期间，🍑上同一链接的机器到手价格就只要3K左右了。虽然申请了保价，但只能退445，所以说在价格上总体感觉很不好。当然买也买了，也不能干嘛。就建议大家一定多对比！仅做客观评价，供大家参考。,494
305,哈**E,2025-03-16,V1S-G 28m³·min 星空灰色,已收到，还没有安装。,,已收到，还没有安装。,10
306,小**0,2025-03-26,V1S-G 28m³·min 星空灰色,这款油烟机很不错，声音不大，易清洗，现在还没使用，后期使用了再来追评！,,这款油烟机很不错，声音不大，易清洗，现在还没使用，后期使用了再来追评！,35
307,小**猫,2025-08-12,V1S-G 28m³·min 星空灰色,已经送到了，服务很好，前后反复跟进，很贴心，后期装好，再附上装好的效果图,,已经送到了，服务很好，前后反复跟进，很贴心，后期装好，再附上装好的效果图,36
308,咖**豆,2025-05-12,V1S-G 28m³·min 星空灰色,换的第三台油烟机，完美解决家里油烟问题  还得是方太,,换的第三台油烟机，完美解决家里油烟问题  还得是方太,26
309,匿名买家,2025-03-28,V1S-G 28m³·min 星空灰色,易清洗，声音还好，安装师傅安装很专业，详细讲解各项使用功能，服务态度很好,,易清洗，声音还好，安装师傅安装很专业，详细讲解各项使用功能，服务态度很好,36
310,匿名买家,2025-06-01,V1S-G 28m³·min 星空灰色,还买了洗碗机，一直用的方太，还不错还不错,,还买了洗碗机，一直用的方太，还不错还不错,20
311,匿名买家,2025-08-09,V1S-G 28m³·min 星空灰色,早就下单了，现在还没有安装，客服人很好全五星好评～,,早就下单了，现在还没有安装，客服人很好全五星好评～,25
313,匿名买家,2024-12-28,V1S-G 28m³·min 星空灰色,是否易清洗：容易清洗 外观好看，吸油烟风力大，总体满意 声音大小：有点大 配送准时：发货快 ,,是否易清洗：容易清洗 外观好看，吸油烟风力大，总体满意 声音大小：有点大 配送准时：发货快,45
314,匿名买家,2025-07-09,V1S-G 28m³·min 星空灰色,厨房里的烟灶套装、热水器、蒸烤一体机、洗碗机全都购入了方太家，颜值高，质量好，值得推荐！,,厨房里的烟灶套装、热水器、蒸烤一体机、洗碗机全都购入了方太家，颜值高，质量好，值得推荐！,44
316,匿名买家,2025-06-13,V1S-G 28m³·min 星空灰色,声音大小：可以接受 配送准时:准时 吸力足够,,声音大小：可以接受 配送准时:准时 吸力足够,22
321,名**叫,2025-06-29,V1S-G 28m³·min 星空灰色,油烟机到货很快,,油烟机到货很快,7
322,匿名买家,2025-05-27,V1S-G 28m³·min 星空灰色,机器是我喜欢的，安装师傅也非常专业，客服也非常周到细致，谢感厂家的付出，下次我还会选择方太。,,机器是我喜欢的，安装师傅也非常专业，客服也非常周到细致，谢感厂家的付出，下次我还会选择方太。,46
323,-**-,2025-07-21,V1S-G 28m³·min 星空灰色,一直信赖方太 这次新房装修刚好蹭618跟国补赶紧下单 后续期待安装使用效果,,一直信赖方太 这次新房装修刚好蹭618跟国补赶紧下单 后续期待安装使用效果,37
324,T**6,2025-07-21,V1S-G 28m³·min 星空灰色,质量杠杠滴,,质量杠杠滴,5
326,S**薇,2025-08-01,V1S-G 28m³·min 星空灰色,是否易清洗：特别好清洁 这次家里厨房改造，老公说什么都可以听我的，唯独油烟机灶台要听他的，果然颜值高大上，看着赏心悦目😀方太值得信赖的大品牌，以后做饭都有心情了啊 ,,是否易清洗：特别好清洁 这次家里厨房改造，老公说什么都可以听我的，唯独油烟机灶台要听他的，果然颜值高大上，看着赏心悦目😀方太值得信赖的大品牌，以后做饭都有心情了啊,81
327,匿名买家,2025-05-16,V1S-G 28m³·min 星空灰色,大家都多看看再下单，同样都是官方旗舰店，同一款产品，不同平台价格相差不是一点点，而且别的平台可以保价，这个平台说参加完国补了不保价,商家服务态度超级好，说话语气轻，态度诚恳，处理结果非常满意,大家都多看看再下单，同样都是官方旗舰店，同一款产品，不同平台价格相差不是一点点，而且别的平台可以保价，这个平台说参加完国补了不保价 商家服务态度超级好，说话语气轻，态度诚恳，处理结果非常满意,95
328,轻**扬,2025-07-03,V1S-G 28m³·min 星空灰色,烟机送货很快，师傅送货上门非常方便，颜值高，品质好，等待装修结束安装。,,烟机送货很快，师傅送货上门非常方便，颜值高，品质好，等待装修结束安装。,35
330,花**姐,2025-06-11,V1S-G 28m³·min 星空灰色,多方对比，选择了方太，颜值很高，师傅服务超赞。,,多方对比，选择了方太，颜值很高，师傅服务超赞。,23
331,我**x,2025-08-03,V1S-G 28m³·min 星空灰色,方太油烟机，值得信赖，大品牌一点也不担心后续售后和质保问题，期待后续效果,,方太油烟机，值得信赖，大品牌一点也不担心后续售后和质保问题，期待后续效果,36
333,用**8,2025-07-18,V1S-G 28m³·min 星空灰色,还没有安装，但物流送货师傅挺好的。外观没问题，等安装好后使用了再追评,,还没有安装，但物流送货师傅挺好的。外观没问题，等安装好后使用了再追评,34
334,爱**7,2025-04-17,V1S-G 28m³·min 星空灰色,方太燃气灶大品牌值得拥有,,方太燃气灶大品牌值得拥有,12
335,匿名买家,2025-07-01,V1S-G 28m³·min 星空灰色,是否易清洗：玻璃面板易清洗，刚开始声音大，稳定以后噪音很小，比老家的好用很多，师傅安装认真仔细 ,,是否易清洗：玻璃面板易清洗，刚开始声音大，稳定以后噪音很小，比老家的好用很多，师傅安装认真仔细,47
337,哦**伊,2025-07-06,V1S-G 28m³·min 星空灰色,包装很好，发货快，客服态度好，家里油烟机，灶台，洗碗机都用的方太,,包装很好，发货快，客服态度好，家里油烟机，灶台，洗碗机都用的方太,32
338,匿名买家,2025-07-22,V1S-G 28m³·min 星空灰色,还没装，客服们服务都挺好，有问必答,,还没装，客服们服务都挺好，有问必答,17
339,海**王,2025-06-05,V1S-G 28m³·min 星空灰色,好用，不错,,好用，不错,5
340,辣**走,2025-04-30,V1S-G 28m?·min 星空灰色,该用户觉得商品还不错,。,该用户觉得商品还不错 。,12
341,b**y,2025-06-03,V1S-G 28m³·min 星空灰色,声音有一点大，但可以接受的范围内，烟灶联动非常适合父母操作，方太上门安装的师傅也非常的细心，问问题也能得到及时的回答，安装迅速利落，拆卸的旧机也有摆放整齐，非常好评！！！！,,声音有一点大，但可以接受的范围内，烟灶联动非常适合父母操作，方太上门安装的师傅也非常的细心，问问题也能得到及时的回答，安装迅速利落，拆卸的旧机也有摆放整齐，非常好评！！！！,86
342,匿名买家,2025-07-05,V1S-G 28m³·min 星空灰色,产品颜值高，性能不错，方太服务好！6月18活动买的，价格好,,产品颜值高，性能不错，方太服务好！6月18活动买的，价格好,29
345,匿名买家,2025-06-29,V1S-G 28m³·min 星空灰色,东西未使用 服务一般般,遇到点小问题 售后很快很积极的解决了,东西未使用 服务一般般 遇到点小问题 售后很快很积极的解决了,30
346,里**花,2025-05-27,V1S-G 28m³·min 星空灰色,薄机身，吸力大，时尚潮流！,,薄机身，吸力大，时尚潮流！,13
347,匿名买家,2025-05-17,V1S-G 28m³·min 星空灰色,东西收到了包装完美无缺。后续待安装后使用效果怎样再给力 ,,东西收到了包装完美无缺。后续待安装后使用效果怎样再给力,27
349,用**6,2025-07-09,V1S-G 28m³·min 星空灰色,这次新房装修，全部选择了方太厨具，毕竟是大牌子，口碑也好。值得信任,,这次新房装修，全部选择了方太厨具，毕竟是大牌子，口碑也好。值得信任,33
350,冬**7,2025-07-08,V1S-G 28m³·min 星空灰色,真心觉得这次购物太棒了，商品性价比超高，方太的质量稳定可靠。物流高效，商家服务贴心，售后让人满意。,,真心觉得这次购物太棒了，商品性价比超高，方太的质量稳定可靠。物流高效，商家服务贴心，售后让人满意。,49
351,爱**宝,2025-07-22,V1S-G 28m³·min 星空灰色,物流很快，服务态度好！,,物流很快，服务态度好！,11
352,健**朗,2025-07-08,V1S-G 28m³·min 星空灰色,客户推荐的这款吸力很大，非常好👍再要说说安装的年轻师傅刘鑫东实在太优秀了👍熟练、细心，亲和力十足，非常满意的一次安装体验，为方太拥有这么好的员工加分👍感谢🙏,,客户推荐的这款吸力很大，非常好👍再要说说安装的年轻师傅刘鑫东实在太优秀了👍熟练、细心，亲和力十足，非常满意的一次安装体验，为方太拥有这么好的员工加分👍感谢🙏,78
353,匿名买家,2025-06-16,V1S-G 28m³·min 星空灰色,两个师傅把车子开到我家门口，送到我家的车库里面，谢谢两个师傅这么热的天，谢谢谢谢  ,,两个师傅把车子开到我家门口，送到我家的车库里面，谢谢两个师傅这么热的天，谢谢谢谢,40
354,匿名买家,2024-12-19,V1S-G 28m³·min 星空灰色,机器吸力强，安装师傅很负责,,机器吸力强，安装师傅很负责,13
355,匿名买家,2025-03-24,V1S-G 28m³·min 星空灰色,送装特别快，产品也很好,,送装特别快，产品也很好,11
356,花**下,2025-04-02,V1S-G 28m³·min 星空灰色,是否易清洗：很容易清理 声音大小：煲汤，煮面用小档，非常好，不吵 配送准时：准时 换新的，外形小巧，特别是小档噪音很小，很适合家里煲汤呀，煮面呀，爆炒时吸力很强，很满意 ,,是否易清洗：很容易清理 声音大小：煲汤，煮面用小档，非常好，不吵 配送准时：准时 换新的，外形小巧，特别是小档噪音很小，很适合家里煲汤呀，煮面呀，爆炒时吸力很强，很满意,84
358,t**3,2024-11-26,V1S-G 28m³·min 星空灰色,很好满意 没提前买盖板 有一丢丢丑 这油烟机的油槽太滑不好拆 能改良下就好了,,很好满意 没提前买盖板 有一丢丢丑 这油烟机的油槽太滑不好拆 能改良下就好了,38
359,匿名买家,2025-06-06,V1S-G 28m³·min 星空灰色,物流速度很快，预约安装也很方便，师傅很专业，安装的位置很满意，加了一点管子，服务态度不错。还没开始用，后续用了再追加评论。,,物流速度很快，预约安装也很方便，师傅很专业，安装的位置很满意，加了一点管子，服务态度不错。还没开始用，后续用了再追加评论。,61
360,美**贝,2025-06-27,V1S-G 28m³·min 星空灰色,说大名牌质量好，都是虚头，太垃圾了，先不说质量怎么样了，页面宣传七天无理由退换货，买回来质量太垃圾，完全就是虚假宣传，客服还给我说不能退，真是搞笑了，声音很大，压根没风力量，还不如我旧的好，整个厨房油烟味，乌烟瘴气，最糟糕的一次购物体验，再也不会相信方太了，垃圾，垃圾，垃圾，差评，差评。差评，客服态度极差，,,说大名牌质量好，都是虚头，太垃圾了，先不说质量怎么样了，页面宣传七天无理由退换货，买回来质量太垃圾，完全就是虚假宣传，客服还给我说不能退，真是搞笑了，声音很大，压根没风力量，还不如我旧的好，整个厨房油烟味，乌烟瘴气，最糟糕的一次购物体验，再也不会相信方太了，垃圾，垃圾，垃圾，差评，差评。差评，客服态度极差，,154
361,思**8,2025-08-03,V1S-G 28m³·min 星空灰色,挑了好久选中了这款，还让设计师改了橱柜的图纸，安装上很完美，推荐,,挑了好久选中了这款，还让设计师改了橱柜的图纸，安装上很完美，推荐,32
362,s**h,2025-04-24,V1S-G 28m³·min 星空灰色,安装人员服务很好，很有经验，技术到位。产品试用正常，防尘措施也做到位了，服务流程很满意，产品功能到位！一下就买了全套，下次还来,,安装人员服务很好，很有经验，技术到位。产品试用正常，防尘措施也做到位了，服务流程很满意，产品功能到位！一下就买了全套，下次还来,63
365,h**9,2025-06-25,V1S-G 28m³·min 星空灰色,油烟机效果好，风力大，推荐购买，厨房电器都选的方太，信任老品牌，买的放心，用的舒心,,油烟机效果好，风力大，推荐购买，厨房电器都选的方太，信任老品牌，买的放心，用的舒心,41
366,w**爱,2024-12-04,V1S-G 28m³·min 星空灰色,我上一家的油烟机是方太的。用了十年，感觉效果很好。于是新家果断选择了方太。方太油烟机yyds ,2分钟延时自动关机模式，很棒，主要颜值在线，吸力猛，推荐,我上一家的油烟机是方太的。用了十年，感觉效果很好。于是新家果断选择了方太。方太油烟机yyds  2分钟延时自动关机模式，很棒，主要颜值在线，吸力猛，推荐,76
367,知***,2025-02-23,V1S-G 28m³·min 星空灰色,声音不是很大，暂时用得还好，安装师傅很认好  ,,声音不是很大，暂时用得还好，安装师傅很认好,21
368,用**7,2024-11-20,V1S-G 28m³·min 星空灰色,宝贝收到了，买了很多装修房子用的，厨房全部选择了方太，产品值得信赖，这家商家的服务态度真是太棒了，员工们都很友好，让人感觉很舒服。,,宝贝收到了，买了很多装修房子用的，厨房全部选择了方太，产品值得信赖，这家商家的服务态度真是太棒了，员工们都很友好，让人感觉很舒服。,65
369,黄**度,2025-08-04,28m³·min 星空灰色 带其它配件,声音大小：挺小的，可接受范围 配送准时：非常及时，安装的师傅也很专业  ,,声音大小：挺小的，可接受范围 配送准时：非常及时，安装的师傅也很专业,34
372,丁**2,2025-06-17,V1S-G 28m³·min 星空灰色,配送准时：准时 现在还没使用，预约预埋了烟道，大品牌售后服务还是很不错的！预约了隔天就来预埋了烟道。服务人员态度也不错！ ,,配送准时：准时 现在还没使用，预约预埋了烟道，大品牌售后服务还是很不错的！预约了隔天就来预埋了烟道。服务人员态度也不错！,60
374,匿名买家,2025-06-28,V1S-G 28m³·min 星空灰色,旧的方太用了十年了，欧式的，太宽总是撞到烧饭的人，加上吸力不如以前了，趁国补换个新的，正好和我的橱柜齐平，操作更便捷，吸力很满意。,,旧的方太用了十年了，欧式的，太宽总是撞到烧饭的人，加上吸力不如以前了，趁国补换个新的，正好和我的橱柜齐平，操作更便捷，吸力很满意。,65
375,用**1,2025-07-02,V1S-G 28m³·min 星空灰色, 先好评还没装修好,,先好评还没装修好,8
376,丨**丨,2025-05-27,V1S-G 28m³·min 星空灰色,方太质量过关，款式新颖，安装人员细心，选择方太是最安心的选择，,,方太质量过关，款式新颖，安装人员细心，选择方太是最安心的选择，,31
377,匿名买家,2025-01-23,V1S-G 28m³·min 星空灰色,买了一天就降价245元，不肯补差价，大几千的东西效果很一般，分明就是一个抽风机，跟一个几十块的抽风机效果没什么区别，慎重考虑购买！,垃圾，真不值这个钱！,买了一天就降价245元，不肯补差价，大几千的东西效果很一般，分明就是一个抽风机，跟一个几十块的抽风机效果没什么区别，慎重考虑购买！ 垃圾，真不值这个钱！,76
378,匿名买家,2025-06-27,V1S-G 28m³·min 星空灰色,因房子还没好暂时无法安装、看测评方太这款油烟机性价比最高就、家里厨房电器（油烟机、炉灶、热水器及洗碗机）都是方太的、大品牌值得信赖！,满一万的赠品摩飞电火锅超级棒、直播间抽奖的套锅也超赞哦！,因房子还没好暂时无法安装、看测评方太这款油烟机性价比最高就、家里厨房电器（油烟机、炉灶、热水器及洗碗机）都是方太的、大品牌值得信赖！ 满一万的赠品摩飞电火锅超级棒、直播间抽奖的套锅也超赞哦！,95
379,匿名买家,2025-06-13,V1S-G 28m³·min 星空灰色,给新房买的 还在弄装修 怕年底没国补先买了 所以还没法安装 客服小韩人很好 超级耐心,,给新房买的 还在弄装修 怕年底没国补先买了 所以还没法安装 客服小韩人很好 超级耐心,42
380,我**r,2025-06-19,V1S-G 28m³·min 星空灰色,颜值高，效果好,颜值高，小也服务好,颜值高，效果好 颜值高，小也服务好,17
381,匿名买家,2025-05-14,V1S-G 28m³·min 星空灰色,买贵了，别的平台3400，便宜了300多块，一点也不好 ,劝各位姐妹去抖音上买，淘宝贵了700,买贵了，别的平台3400，便宜了300多块，一点也不好  劝各位姐妹去抖音上买，淘宝贵了700,47
382,t**6,2024-11-30,V1S-G 28m³·min 星空灰色,洗碗机油烟机热水器燃气灶都是方太买的，大品牌值得信耐👍,,洗碗机油烟机热水器燃气灶都是方太买的，大品牌值得信耐👍,27
385,兔***,2025-06-19,V1S-G 28m³·min 星空灰色,618活动买的四大件，都很称心，方太大品牌，值得推荐，想买的朋友们赶紧入手,,618活动买的四大件，都很称心，方太大品牌，值得推荐，想买的朋友们赶紧入手,37
386,青***,2024-12-06,V1S-G 28m³·min 星空灰色,方太，值得信赖,,方太，值得信赖,7
387,a**6,2025-03-10,V1S-G 28m³·min 星空灰色,挺好的，吸油效果也不错，配送也很准时，安装速度很快,,挺好的，吸油效果也不错，配送也很准时，安装速度很快,25
388,小***,2025-06-18,V1S-G 28m³·min 星空灰色,买的全系列产品，相信方太。喜欢,,买的全系列产品，相信方太。喜欢,15
389,t**3,2025-07-18,V1S-G 28m³·min 星空灰色,满意👍,厨房电器我都选方太的,满意👍 厨房电器我都选方太的,14
390,秋***,2024-11-14,V1S-G 28m³·min 星空灰色,油烟机收到货了，来评论一下，这款是客服推荐，新出的款式，外观颜色都好看，我看的大吸力，双十一活动价还特别优惠，客服很耐心，目前还没用，后期来评论，但是方太大品牌应该不会有什么问题，因为我自己家当初实体店买的方太油烟机用了十年没出任何问题,,油烟机收到货了，来评论一下，这款是客服推荐，新出的款式，外观颜色都好看，我看的大吸力，双十一活动价还特别优惠，客服很耐心，目前还没用，后期来评论，但是方太大品牌应该不会有什么问题，因为我自己家当初实体店买的方太油烟机用了十年没出任何问题,118
391,爱**点,2025-06-20,V1S-G 28m³·min 星空灰色,还没有安装，货是到了，等装修的进度啦，期待第一次的是使用，毕竟大品牌，值得信赖的，,,还没有安装，货是到了，等装修的进度啦，期待第一次的是使用，毕竟大品牌，值得信赖的，,41
393,金**主,2025-08-09,28m³·min 星空灰色 带其它配件,是否易清洗：易 声音大小：小 ,,是否易清洗：易 声音大小：小,14
395,匿名买家,2025-05-20,V1S-G 28m³·min 星空灰色,放心购买吧，放方太的特别好用,,放心购买吧，放方太的特别好用,14
397,s**菁,2025-06-19,V1S-G 28m³·min 星空灰色,客服很好，机器也很不错,,客服很好，机器也很不错,11
398,琪**小,2025-06-28,V1S-G 28m³·min 星空灰色,方太，大品牌，值得信赖！厨房安心之选。,,方太，大品牌，值得信赖！厨房安心之选。,19
400,爱**爱,2025-04-26,V1S-G 28m³·min 星空灰色,蒲师傅很专业，服务态度超好，很认真地教我使用方法，拆洗方法，非常满意。吸力大，装好后厨房变好看了，也不会碰头了，很满意，先好评，不知道清洗简单不，等使用后再来追评。,,蒲师傅很专业，服务态度超好，很认真地教我使用方法，拆洗方法，非常满意。吸力大，装好后厨房变好看了，也不会碰头了，很满意，先好评，不知道清洗简单不，等使用后再来追评。,82
401,小**生,2024-11-09,V1S-G 28m³·min 星空灰色,好评，师傅还是很给力。安装师傅服务态度很好。,,好评，师傅还是很给力。安装师傅服务态度很好。,22
404,雨**1,2025-05-31,V1S-G 28m³·min 星空灰色,还没开始用。装修中,,还没开始用。装修中,9
405,S**N,2025-01-03,V1S-G 28m³·min 星空灰色,是否易清洗：还没进行过，应该差不离吧 声音大小：静音效果还可以 配送准时：还是比较准时的 ,,是否易清洗：还没进行过，应该差不离吧 声音大小：静音效果还可以 配送准时：还是比较准时的,44
407,2**奇,2025-06-09,V1S-G 28m³·min 星空灰色,收到材质很好、装上非常好看、客服服务态度很好！,,收到材质很好、装上非常好看、客服服务态度很好！,23
408,用**8,2025-03-19,V1S-G 28m³·min 星空灰色,看不来还不错，等装修好再安装,,看不来还不错，等装修好再安装,14
409,酒**完,2025-02-14,V1S-G 28m³·min 星空灰色,实在是太赞了，吸力有点太强了。 颜值好高，如果档位再多点就好了。 安装师傅非常专业细心。,,实在是太赞了，吸力有点太强了。 颜值好高，如果档位再多点就好了。 安装师傅非常专业细心。,44
410,用**3,2025-02-21,V1S-G 28m³·min 星空灰色,购物非常愉快，商品实惠又耐用，质量有保证。物流迅速，商家服务贴心，售后无忧,,购物非常愉快，商品实惠又耐用，质量有保证。物流迅速，商家服务贴心，售后无忧,37
412,野**人,2025-06-17,V1S-G 28m³·min 星空灰色,配送准时：送的很及时 在网上很认真挑选，对比各种品牌，还是选择了方太，这个新品颜值真的很高，不是直角造型的顶侧双吸。再也不怕油烟机撞头了，很赞！ ,,配送准时：送的很及时 在网上很认真挑选，对比各种品牌，还是选择了方太，这个新品颜值真的很高，不是直角造型的顶侧双吸。再也不怕油烟机撞头了，很赞！,72
413,我**0,2025-07-20,V1S-G 28m³·min 星空灰色,物流非常给力，安装师傅也是需要提前跟客服沟通一下，第二天就安排了，东西真的是既美观又好用，必须给好评！,,物流非常给力，安装师傅也是需要提前跟客服沟通一下，第二天就安排了，东西真的是既美观又好用，必须给好评！,51
414,用**3,2025-03-11,V1S-G 28m³·min 星空灰色,配送准时：在预告时间内准时到达！ ,,配送准时：在预告时间内准时到达！,16
415,j**颉,2025-05-07,V1S-G 28m³·min 星空灰色,还没有安装,,还没有安装,5
416,L**哈,2025-06-03,V1S-G 28m³·min 星空灰色,不知道怎么样，还没用，希望好用,,不知道怎么样，还没用，希望好用,15
